"Txhash","Blockno","UnixTimestamp","DateTime","ParentTxFrom","ParentTxTo","ParentTxETH_Value","From","TxTo","ContractAddress","Value_IN(ETH)","Value_OUT(ETH)","CurrentValue @ $2267.63262740153/Eth","Historical $Price/Eth","Status","ErrCode","Type"
"0x95d01240a93a90f078b6fdc9b0657459934386d40f937db791c132aa8c722a67","114331721","1704262219","2024-01-03 06:10:19","0x5a547ad2deacca41ff02b8c699356980187c7d24","0x15fa08599eb017f89c1712d0fe76138899fdb9db","0.0136","0x48f7b977eb8929e1aa826338d0109cea34b54afe","0x77fad8d0fcfd481daf98d0d156970a281e66761b","","0.0008","0","1.81410610192122","2210.57","0","","call",""
"0x99f014060e1828778accbba212c4d6e51418bebb032d23d6d06796c3a20dbe9c","114335585","1704269947","2024-01-03 08:19:07","0xd8b3affa8747b9aea0f60ff97d7797942276fcda","0x15fa08599eb017f89c1712d0fe76138899fdb9db","0.022","0x48f7b977eb8929e1aa826338d0109cea34b54afe","0x77fad8d0fcfd481daf98d0d156970a281e66761b","","0.022","0","49.8879178028337","2210.57","0","","call",""
"0x742d2db13edc085c1d0e01a8dc3f7745c9c429e5db56a3f358818aaea2ad62ee","114362033","1704322843","2024-01-03 23:00:43","0xe5893844520c9da4abf86ddaf15ec74d7cec29d5","0x15fa08599eb017f89c1712d0fe76138899fdb9db","0.006","0x48f7b977eb8929e1aa826338d0109cea34b54afe","0x77fad8d0fcfd481daf98d0d156970a281e66761b","","0.0006","0","1.36057957644092","2210.57","0","","call",""
"0x25e10f1d0103254f2d872ffbc6d64bda232d8e237689e0c4a09b01b0ae8108bb","114394657","1704388091","2024-01-04 17:08:11","0x9f09fe499d09e94b65e8afebc7aa95dcdc118197","0x15fa08599eb017f89c1712d0fe76138899fdb9db","0.0014","0x48f7b977eb8929e1aa826338d0109cea34b54afe","0x77fad8d0fcfd481daf98d0d156970a281e66761b","","0.0001","0","0.226763262740153","2269.47","0","","call",""
"0x8e31a09bc16e0232ace50bdf3102261713b793ac280cf045f1117e78b41b16b5","114396944","1704392665","2024-01-04 18:24:25","0xd4c9d0a589e87b44751012920e1aaa70cc7b9fe9","0x15fa08599eb017f89c1712d0fe76138899fdb9db","0.0005","0x48f7b977eb8929e1aa826338d0109cea34b54afe","0x77fad8d0fcfd481daf98d0d156970a281e66761b","","0.0005","0","1.13381631370077","2269.47","0","","call",""
"0xa4997f2ee1ebb6d3041d9fe702efd06dbf919d0fa774c1061643e19057c2034f","114400196","1704399169","2024-01-04 20:12:49","0xb2ebc9b3a788afb1e942ed65b59e9e49a1ee500d","0x15fa08599eb017f89c1712d0fe76138899fdb9db","0.01","0x48f7b977eb8929e1aa826338d0109cea34b54afe","0x77fad8d0fcfd481daf98d0d156970a281e66761b","","0.01","0","22.6763262740153","2269.47","0","","call",""
"0x287ec9b972906cf4f22ad2294b45fa7859af2c8a29d8630df729cbc1f5da7682","114402339","1704403455","2024-01-04 21:24:15","0x80bab7183794ef4809c76ca3b73a10702b5b5563","0x15fa08599eb017f89c1712d0fe76138899fdb9db","0.0003","0x48f7b977eb8929e1aa826338d0109cea34b54afe","0x77fad8d0fcfd481daf98d0d156970a281e66761b","","0.0001","0","0.226763262740153","2269.47","0","","call",""
"0x28cb172f1ca3d1f3b4aecd90f8923b85800dee12c9b0d89f378ca7c632e1eaa0","114422396","1704443569","2024-01-05 08:32:49","0xf2857004f08cbc17375f9d1d894c21c99f4f7ce4","0x15fa08599eb017f89c1712d0fe76138899fdb9db","0.0023","0x48f7b977eb8929e1aa826338d0109cea34b54afe","0x77fad8d0fcfd481daf98d0d156970a281e66761b","","0.0023","0","5.21555504302352","2270.21","0","","call",""
"0x0017d9b043295552bc668a4a64d0c1f59c327f94c453fe0188d2868f8b48bda4","114427009","1704452795","2024-01-05 11:06:35","0x7c62ccfdfe0cffc864de4c77450afb5e952991a7","0x15fa08599eb017f89c1712d0fe76138899fdb9db","0.000195","0x48f7b977eb8929e1aa826338d0109cea34b54afe","0x77fad8d0fcfd481daf98d0d156970a281e66761b","","0.000005","0","0.0113381631370077","2270.21","0","","call",""
"0x1453dda6ca1eaed7b5f73d248592393133cef5dee7939df61f952f8a1d17ee32","114438793","1704476363","2024-01-05 17:39:23","0x5d9fbd984b9cec714a4b14c38ea83bbc82d06d69","0x15fa08599eb017f89c1712d0fe76138899fdb9db","0.0016","0x48f7b977eb8929e1aa826338d0109cea34b54afe","0x77fad8d0fcfd481daf98d0d156970a281e66761b","","0.0001","0","0.226763262740153","2270.21","0","","call",""
"0xafcf9c524c11cb265643e9d950a6e5c6f87633ffa6395cea5958873e62857d08","114440416","1704479609","2024-01-05 18:33:29","0xfb40932271fc9db9dbf048e80697e2da4aa57250","0x15fa08599eb017f89c1712d0fe76138899fdb9db","0.01","0x48f7b977eb8929e1aa826338d0109cea34b54afe","0x77fad8d0fcfd481daf98d0d156970a281e66761b","","0.002","0","4.53526525480306","2270.21","0","","call",""
"0x7c7641ad9919a9a027383589c0911f4f00df05a137643a2e081ef4e3621eb1cd","114466598","1704531973","2024-01-06 09:06:13","0x4b4d12a4b59e66f3f0dea7d06bfd209c0e495bef","0x15fa08599eb017f89c1712d0fe76138899fdb9db","0.00459","0x48f7b977eb8929e1aa826338d0109cea34b54afe","0x77fad8d0fcfd481daf98d0d156970a281e66761b","","0.00027","0","0.612260809398413","2241.73","0","","call",""
"0x98b1c71a7c9c6551a7d2f825970ca431f656831a4b3618faab488062ece9002b","114468208","1704535193","2024-01-06 09:59:53","0xb3d1e41f84acd0e77f83473aa62fc8560c2a3c0c","0x15fa08599eb017f89c1712d0fe76138899fdb9db","0.0018","0x48f7b977eb8929e1aa826338d0109cea34b54afe","0x77fad8d0fcfd481daf98d0d156970a281e66761b","","0.0008","0","1.81410610192122","2241.73","0","","call",""
"0xcefae7e89cec9a7b624a7a79912641bb3f55bea32fc02c92d1cd3e205eb6ca1d","114469548","1704537873","2024-01-06 10:44:33","0x18f6ce899abb6c1e2e1a06d890e8b3d462074072","0x15fa08599eb017f89c1712d0fe76138899fdb9db","0.01125","0x48f7b977eb8929e1aa826338d0109cea34b54afe","0x77fad8d0fcfd481daf98d0d156970a281e66761b","","0.00045","0","1.02043468233069","2241.73","0","","call",""
"0x4a940f79587b57662269a4f70cc953e4fd35af108769959a291cbd6a568ea7e3","114474948","1704548673","2024-01-06 13:44:33","0xb3d1e41f84acd0e77f83473aa62fc8560c2a3c0c","0x15fa08599eb017f89c1712d0fe76138899fdb9db","0.002","0x48f7b977eb8929e1aa826338d0109cea34b54afe","0x77fad8d0fcfd481daf98d0d156970a281e66761b","","0.001","0","2.26763262740153","2241.73","0","","call",""
"0x959e90f872f141a061f125d6ecb07087d1fd1fe64b02f5f9a9214363a45581bd","114506652","1704612081","2024-01-07 07:21:21","0x726fbc2349c4033366242a7db2721066999eb1e1","0x15fa08599eb017f89c1712d0fe76138899fdb9db","0.009","0x48f7b977eb8929e1aa826338d0109cea34b54afe","0x77fad8d0fcfd481daf98d0d156970a281e66761b","","0.009","0","20.4086936466138","2222.73","0","","call",""
"0xb7425ae801e7142b56fff9c1d0265ab15071e3245f31006cc09014f4faf402f0","114508046","1704614869","2024-01-07 08:07:49","0x71c02b4c25b479f77d5713fb7baf98bf548d16c3","0x15fa08599eb017f89c1712d0fe76138899fdb9db","0.0009","0x48f7b977eb8929e1aa826338d0109cea34b54afe","0x77fad8d0fcfd481daf98d0d156970a281e66761b","","0.00045","0","1.02043468233069","2222.73","0","","call",""
"0xf84951811eddc2e0952d365c0859f6b6083e790493b363ee390c60388ba15ff7","114508246","1704615269","2024-01-07 08:14:29","0x0cf97e9c28c5b45c9dc20dd8c9d683e0265190cb","0x15fa08599eb017f89c1712d0fe76138899fdb9db","0.006","0x48f7b977eb8929e1aa826338d0109cea34b54afe","0x77fad8d0fcfd481daf98d0d156970a281e66761b","","0.006","0","13.6057957644092","2222.73","0","","call",""
"0xe153efb33dc53322f8dc69ffd5eaeb1aa20942b0c3815ba90bce1d08bd712019","114508863","1704616503","2024-01-07 08:35:03","0xe48c889310dccb6ad29816cbe17314edf9da9baf","0x15fa08599eb017f89c1712d0fe76138899fdb9db","0.0134","0x48f7b977eb8929e1aa826338d0109cea34b54afe","0x77fad8d0fcfd481daf98d0d156970a281e66761b","","0.0134","0","30.3862772071805","2222.73","0","","call",""
"0x8bd4d13a6fd79076ce948ef554acd80058028556b00177901a10793712acee75","114509743","1704618263","2024-01-07 09:04:23","0xd9c7978f48a65b4111b1ffce9589a2f6bca1b1d6","0x15fa08599eb017f89c1712d0fe76138899fdb9db","0.00046","0x48f7b977eb8929e1aa826338d0109cea34b54afe","0x77fad8d0fcfd481daf98d0d156970a281e66761b","","0.00046","0","1.0431110086047","2222.73","0","","call",""
"0x05dca07faa9016205b1c97d49265795f5063286e574abc8e9c4c7dfcd48aa1e2","114516250","1704631277","2024-01-07 12:41:17","0x78dcaaef07e07f1dce2738200c7afbfd7627156a","0x15fa08599eb017f89c1712d0fe76138899fdb9db","0.0025","0x48f7b977eb8929e1aa826338d0109cea34b54afe","0x77fad8d0fcfd481daf98d0d156970a281e66761b","","0.0005","0","1.13381631370077","2222.73","0","","call",""
"0x5addbd03737496ae5412248f5ddc7fe513b1144ed4a2015a1db75554e17ceee5","114518266","1704635309","2024-01-07 13:48:29","0x696809d0670d5d456bb9a65d30454ff5ba20a3f1","0x15fa08599eb017f89c1712d0fe76138899fdb9db","0.004452","0x48f7b977eb8929e1aa826338d0109cea34b54afe","0x77fad8d0fcfd481daf98d0d156970a281e66761b","","0.000422","0","0.956940968763446","2222.73","0","","call",""
"0x40e4189af4dff97872c919b9682a8380d8e5dd09209b5405186a54a4f612e12a","114520885","1704640547","2024-01-07 15:15:47","0x3f53ae3f330e95a017eab250aa8910a35e750157","0x15fa08599eb017f89c1712d0fe76138899fdb9db","0.0051577","0x48f7b977eb8929e1aa826338d0109cea34b54afe","0x77fad8d0fcfd481daf98d0d156970a281e66761b","","0.00048","0","1.08846366115273","2222.73","0","","call",""
"0x2244cb69d621d01e420d39f718c730470912a43815fa8640becb5b6b6aa7dbcb","114530684","1704660145","2024-01-07 20:42:25","0xda86780f3902ebe7a92204d939cf1e03009ecf18","0x15fa08599eb017f89c1712d0fe76138899fdb9db","0.025","0x48f7b977eb8929e1aa826338d0109cea34b54afe","0x77fad8d0fcfd481daf98d0d156970a281e66761b","","0.025","0","56.6908156850383","2222.73","0","","call",""
"0xcaf494881bc0ac0a0e54f3f1cac0daf081cb9f6ff21b8dfac6d8d77e05cbf416","114537443","1704673663","2024-01-08 00:27:43","0x682e3bc08faeb43662d332e5149b413828a98aeb","0x15fa08599eb017f89c1712d0fe76138899fdb9db","0.00322","0x48f7b977eb8929e1aa826338d0109cea34b54afe","0x77fad8d0fcfd481daf98d0d156970a281e66761b","","0.00046","0","1.0431110086047","2332.66","0","","call",""
"0x8281d97a387825d6e024c602736aefe91e5dd1742591e611f8c81e8f5a6bfba7","114537443","1704673663","2024-01-08 00:27:43","0x682e3bc08faeb43662d332e5149b413828a98aeb","0x15fa08599eb017f89c1712d0fe76138899fdb9db","0.00322","0x48f7b977eb8929e1aa826338d0109cea34b54afe","0x77fad8d0fcfd481daf98d0d156970a281e66761b","","0.00046","0","1.0431110086047","2332.66","0","","call",""
"0x200d341978c03cee4529c40fa5a943f6e586c9826e9f515d4b36fbdc0840fa1b","114537605","1704673987","2024-01-08 00:33:07","0x682e3bc08faeb43662d332e5149b413828a98aeb","0x15fa08599eb017f89c1712d0fe76138899fdb9db","0.00322","0x48f7b977eb8929e1aa826338d0109cea34b54afe","0x77fad8d0fcfd481daf98d0d156970a281e66761b","","0.00046","0","1.0431110086047","2332.66","0","","call",""
"0x60735213cc25c5b2fd011b14d1df13d7a7b177809829680ae51a9a2d78965304","114549609","1704697995","2024-01-08 07:13:15","0x817453fa2b7cad1c2382dbeb22fcba3cc4e4672f","0x15fa08599eb017f89c1712d0fe76138899fdb9db","0.021","0x48f7b977eb8929e1aa826338d0109cea34b54afe","0x77fad8d0fcfd481daf98d0d156970a281e66761b","","0.021","0","47.6202851754321","2332.66","0","","call",""
"0xf18f05684cd05e9f4f016253862c55a04b9940fada19e0166a41e8c11128bb0b","114555689","1704710155","2024-01-08 10:35:55","0x849dbccf5b4d765850a2365c0df5e12f818aeef2","0x15fa08599eb017f89c1712d0fe76138899fdb9db","0.003672","0x48f7b977eb8929e1aa826338d0109cea34b54afe","0x77fad8d0fcfd481daf98d0d156970a281e66761b","","0.000459","0","1.0408433759773","2332.66","0","","call",""
"0x4ae29330ed3cb3148b0f070b95a86ac510f7a8d0cc7191609d43d1a709d8bb79","114556014","1704710805","2024-01-08 10:46:45","0x0cf97e9c28c5b45c9dc20dd8c9d683e0265190cb","0x15fa08599eb017f89c1712d0fe76138899fdb9db","0.005","0x48f7b977eb8929e1aa826338d0109cea34b54afe","0x77fad8d0fcfd481daf98d0d156970a281e66761b","","0.005","0","11.3381631370077","2332.66","0","","call",""
"0x40df0a159cc6849f7978f56bb44a95723cee0f5fa6d3a8e1862a0b3618e49d6c","114556139","1704711055","2024-01-08 10:50:55","0x271f8168ad09bab7476ccb34530af19e6b0d22e1","0x15fa08599eb017f89c1712d0fe76138899fdb9db","0.005","0x48f7b977eb8929e1aa826338d0109cea34b54afe","0x77fad8d0fcfd481daf98d0d156970a281e66761b","","0.0005","0","1.13381631370077","2332.66","0","","call",""
"0xbcf7e688904081c8ac3758557b0abbda556d23f8f8613351fe20f0f82857fabf","114558097","1704714971","2024-01-08 11:56:11","0xa6bcb89f21e0bf71e08ded426c142757791e17cf","0x15fa08599eb017f89c1712d0fe76138899fdb9db","0.005","0x48f7b977eb8929e1aa826338d0109cea34b54afe","0x77fad8d0fcfd481daf98d0d156970a281e66761b","","0.005","0","11.3381631370077","2332.66","0","","call",""
"0x19221f7323cc2880d0cac77f44c8c9d14f2d9583035eb4be949191b2ba9f4f4a","114560325","1704719427","2024-01-08 13:10:27","0xe3811defd98af92712e54b0b3e1735c1051c86d6","0x15fa08599eb017f89c1712d0fe76138899fdb9db","0.019","0x48f7b977eb8929e1aa826338d0109cea34b54afe","0x77fad8d0fcfd481daf98d0d156970a281e66761b","","0.019","0","43.0850199206291","2332.66","0","","call",""
"0x817ba4c177b56cc4ec619918be6ee3155c06684d5e3c108fb20a1b60bb292e90","114567471","1704733719","2024-01-08 17:08:39","0x34a5554cb49c1ba2b33d2f282957979350cc6afe","0x15fa08599eb017f89c1712d0fe76138899fdb9db","0.0045","0x48f7b977eb8929e1aa826338d0109cea34b54afe","0x77fad8d0fcfd481daf98d0d156970a281e66761b","","0.00045","0","1.02043468233069","2332.66","0","","call",""
"0xcaaa1902f04050f9a4fbe50665544c3a870177df0f1faefc72da7aaa9bd45e00","114572185","1704743147","2024-01-08 19:45:47","0xa15c5690170e30bb2afc5b2a9507d160fe0bdba3","0x15fa08599eb017f89c1712d0fe76138899fdb9db","0.005","0x48f7b977eb8929e1aa826338d0109cea34b54afe","0x77fad8d0fcfd481daf98d0d156970a281e66761b","","0.0005","0","1.13381631370077","2332.66","0","","call",""
"0x7ad1f8988730f0b544fcaeef78c4345dbd1dfff9bdc0adb809fd00b3a2494e95","114593894","1704786565","2024-01-09 07:49:25","0x8e3c7d5585aa451de1591f28560ce9e3510c0312","0x15fa08599eb017f89c1712d0fe76138899fdb9db","0.0218","0x48f7b977eb8929e1aa826338d0109cea34b54afe","0x77fad8d0fcfd481daf98d0d156970a281e66761b","","0.0218","0","49.4343912773534","","0","","call",""
"0x52b6cd40f754b61a5de73c4c4ff26ea3866866a973a30f73873fc54c9f2ec0d8","114595061","1704788899","2024-01-09 08:28:19","0x6569670be2ddaf37dd071409c80bdb2995e3e51a","0x15fa08599eb017f89c1712d0fe76138899fdb9db","0.0028","0x48f7b977eb8929e1aa826338d0109cea34b54afe","0x77fad8d0fcfd481daf98d0d156970a281e66761b","","0.0028","0","6.34937135672428","","0","","call",""
"0xe6b66c709274a097310cad1f96a621ec8246768e5edded0d2424f8a3d91be7c6","114604423","1704807623","2024-01-09 13:40:23","0x3b2c439a9997d0f06443f4ba44a3e4959c8854a8","0x15fa08599eb017f89c1712d0fe76138899fdb9db","0.02","0x48f7b977eb8929e1aa826338d0109cea34b54afe","0x77fad8d0fcfd481daf98d0d156970a281e66761b","","0.02","0","45.3526525480306","","0","","call",""
"0xf80a1ac817748df89b7e8fac92c5b1042b8f7f9535db10b22e036bfe4189ba1d","114610016","1704818809","2024-01-09 16:46:49","0x3d5e9077ef8f9c6b0e10d6c62c1a022a49675cc3","0x15fa08599eb017f89c1712d0fe76138899fdb9db","0.015","0x48f7b977eb8929e1aa826338d0109cea34b54afe","0x77fad8d0fcfd481daf98d0d156970a281e66761b","","0.015","0","34.014489411023","","0","","call",""
